{
  "lang":"sr",
  "name":"pipeline",
  "version":"0.0.0",
  "spacy_version":">=3.8.7,<3.9.0",
  "description":"",
  "author":"",
  "email":"",
  "url":"",
  "license":"",
  "spacy_git_version":"4b65aa7",
  "vectors":{
    "width":0,
    "vectors":0,
    "keys":0,
    "name":null,
    "mode":"default"
  },
  "labels":{
    "tok2vec":[

    ],
    "ner":[
      "*",
      "DEMO",
      "EVENT",
      "IDEO",
      "LOC",
      "ORG",
      "PERS",
      "PRODUCT",
      "ROLE",
      "WORK"
    ],
    "entity_linker":[

    ]
  },
  "pipeline":[
    "tok2vec",
    "senter",
    "ner",
    "entity_linker"
  ],
  "components":[
    "tok2vec",
    "senter",
    "ner",
    "entity_linker"
  ],
  "disabled":[

  ],
  "performance":{
    "sents_f":0.9091267884,
    "sents_p":0.901447952,
    "sents_r":0.9169375705,
    "ents_f":0.8152607856,
    "ents_p":0.8209168126,
    "ents_r":0.8096821641,
    "ents_per_type":{
      "DEMO":{
        "p":0.9077853364,
        "r":0.8554131054,
        "f":0.8808214155
      },
      "LOC":{
        "p":0.8160092139,
        "r":0.8850718301,
        "f":0.8491385768
      },
      "ORG":{
        "p":0.6988922457,
        "r":0.6393367112,
        "f":0.6677892711
      },
      "PERS":{
        "p":0.878368356,
        "r":0.920943494,
        "f":0.8991522207
      },
      "ROLE":{
        "p":0.820832295,
        "r":0.8061674009,
        "f":0.8134337573
      },
      "WORK":{
        "p":0.6525911708,
        "r":0.5198776758,
        "f":0.5787234043
      },
      "PRODUCT":{
        "p":0.8387096774,
        "r":0.2826086957,
        "f":0.4227642276
      },
      "EVENT":{
        "p":0.8064516129,
        "r":0.2272727273,
        "f":0.3546099291
      },
      "*":{
        "p":0.0,
        "r":0.0,
        "f":0.0
      },
      "IDEO":{
        "p":0.0,
        "r":0.0,
        "f":0.0
      }
    },
    "nel_micro_f":0.8289964496,
    "nel_micro_r":0.9414106359,
    "nel_micro_p":0.7405652802,
    "tok2vec_loss":5434.3802818967,
    "senter_loss":1006.6421475261,
    "ner_loss":3889.4643486782,
    "entity_linker_loss":62.7654056698
  }
}